{
    "1": {
        "train_loss": 0.1962019173871903,
        "train_psnr": 12.856046431405204,
        "val_loss": 0.15252438733975093,
        "val_psnr": 14.735194778442382
    },
    "2": {
        "train_loss": 0.13682215869426728,
        "train_psnr": 15.545327762422108,
        "val_loss": 0.13297100305557252,
        "val_psnr": 15.722775192260743
    },
    "3": {
        "train_loss": 0.1243718451545352,
        "train_psnr": 16.232634273710705,
        "val_loss": 0.12895652532577515,
        "val_psnr": 15.857920824686687
    },
    "4": {
        "train_loss": 0.11484113643566768,
        "train_psnr": 16.824725225539435,
        "val_loss": 0.1147664350271225,
        "val_psnr": 16.800567626953125
    },
    "5": {
        "train_loss": 0.1053974810952232,
        "train_psnr": 17.480363380795435,
        "val_loss": 0.10869507074356079,
        "val_psnr": 17.223531761169433
    },
    "6": {
        "train_loss": 0.09807795321657545,
        "train_psnr": 18.01447127205985,
        "val_loss": 0.10740508894125621,
        "val_psnr": 17.34270248413086
    },
    "7": {
        "train_loss": 0.09513649090414955,
        "train_psnr": 18.214266124906995,
        "val_loss": 0.10122231900691986,
        "val_psnr": 17.676740646362305
    },
    "8": {
        "train_loss": 0.0927396848088219,
        "train_psnr": 18.399693792433965,
        "val_loss": 0.10033143520355224,
        "val_psnr": 17.78324020385742
    },
    "9": {
        "train_loss": 0.08955039814824149,
        "train_psnr": 18.65062183925084,
        "val_loss": 0.09329064190387726,
        "val_psnr": 18.401314392089844
    },
    "10": {
        "train_loss": 0.08614636673813775,
        "train_psnr": 18.93644518897647,
        "val_loss": 0.09776136070489884,
        "val_psnr": 18.08356590270996
    },
    "11": {
        "train_loss": 0.08529933702378045,
        "train_psnr": 18.99640028090704,
        "val_loss": 0.09534038633108138,
        "val_psnr": 18.18194424947103
    },
    "12": {
        "train_loss": 0.08268253398793084,
        "train_psnr": 19.210145314534504,
        "val_loss": 0.10153613865375519,
        "val_psnr": 17.772845764160156
    },
    "13": {
        "train_loss": 0.08185522266796658,
        "train_psnr": 19.287716518583753,
        "val_loss": 0.08768667633334795,
        "val_psnr": 18.796657689412434
    },
    "14": {
        "train_loss": 0.07945589548065549,
        "train_psnr": 19.496396200997488,
        "val_loss": 0.09153450369834899,
        "val_psnr": 18.481589228312174
    },
    "15": {
        "train_loss": 0.07910414864619573,
        "train_psnr": 19.52339612688337,
        "val_loss": 0.08745943799614907,
        "val_psnr": 18.910750160217287
    },
    "16": {
        "train_loss": 0.0778936514826048,
        "train_psnr": 19.65036584036691,
        "val_loss": 0.09738266929984092,
        "val_psnr": 18.133758125305175
    },
    "17": {
        "train_loss": 0.07733933350869587,
        "train_psnr": 19.70096079871768,
        "val_loss": 0.08747534270087878,
        "val_psnr": 18.752294921875
    },
    "18": {
        "train_loss": 0.07637931714455287,
        "train_psnr": 19.776123264857702,
        "val_loss": 0.08890941659609476,
        "val_psnr": 18.680195032755535
    },
    "19": {
        "train_loss": 0.0754498653042884,
        "train_psnr": 19.86426341465541,
        "val_loss": 0.08637708167235057,
        "val_psnr": 18.924221318562825
    },
    "20": {
        "train_loss": 0.07460667935155686,
        "train_psnr": 19.944917595272972,
        "val_loss": 0.08907632251580556,
        "val_psnr": 18.584660771687826
    },
    "21": {
        "train_loss": 0.07507322134006592,
        "train_psnr": 19.91425389971052,
        "val_loss": 0.09165419429540635,
        "val_psnr": 18.574047190348306
    },
    "22": {
        "train_loss": 0.0744030417005221,
        "train_psnr": 19.977928241548085,
        "val_loss": 0.08830707649389903,
        "val_psnr": 18.7241805267334
    },
    "23": {
        "train_loss": 0.07339250436850957,
        "train_psnr": 20.073370157877605,
        "val_loss": 0.08710100159049033,
        "val_psnr": 18.83843681335449
    },
    "24": {
        "train_loss": 0.07227641945793516,
        "train_psnr": 20.18244548615955,
        "val_loss": 0.0918289070824782,
        "val_psnr": 18.512440490722657
    },
    "25": {
        "train_loss": 0.07279103790010724,
        "train_psnr": 20.12963933308919,
        "val_loss": 0.08461032872398694,
        "val_psnr": 19.08055056254069
    },
    "26": {
        "train_loss": 0.07219080917892001,
        "train_psnr": 20.201797906784783,
        "val_loss": 0.08754504943887392,
        "val_psnr": 18.934756393432618
    },
    "27": {
        "train_loss": 0.0720058768703824,
        "train_psnr": 20.21542866661435,
        "val_loss": 0.0864591184258461,
        "val_psnr": 18.959102681477866
    },
    "28": {
        "train_loss": 0.07036628270433062,
        "train_psnr": 20.364823495774043,
        "val_loss": 0.0851986359556516,
        "val_psnr": 18.93790692647298
    },
    "29": {
        "train_loss": 0.07016702514319192,
        "train_psnr": 20.38832238333566,
        "val_loss": 0.08005090360840161,
        "val_psnr": 19.466577529907227
    },
    "30": {
        "train_loss": 0.0696288637745948,
        "train_psnr": 20.44359842209589,
        "val_loss": 0.08762958457072575,
        "val_psnr": 18.740994338989257
    },
    "31": {
        "train_loss": 0.06935962813241141,
        "train_psnr": 20.47498065040225,
        "val_loss": 0.08019519199927648,
        "val_psnr": 19.490167744954427
    },
    "32": {
        "train_loss": 0.06886100008374169,
        "train_psnr": 20.538839848836265,
        "val_loss": 0.08125128601988156,
        "val_psnr": 19.36626215616862
    },
    "33": {
        "train_loss": 0.06807880918184916,
        "train_psnr": 20.603090482439313,
        "val_loss": 0.08107715040445328,
        "val_psnr": 19.46222058614095
    },
    "34": {
        "train_loss": 0.06853748586915788,
        "train_psnr": 20.56294296627953,
        "val_loss": 0.08148080840706826,
        "val_psnr": 19.387128346761067
    },
    "35": {
        "train_loss": 0.06723899015358516,
        "train_psnr": 20.703211938767208,
        "val_loss": 0.08235932563742002,
        "val_psnr": 19.2694490814209
    },
    "36": {
        "train_loss": 0.06712572685309819,
        "train_psnr": 20.699467856997536,
        "val_loss": 0.08005151857932409,
        "val_psnr": 19.562346420288087
    },
    "37": {
        "train_loss": 0.06735875888949348,
        "train_psnr": 20.69681446620396,
        "val_loss": 0.084710928996404,
        "val_psnr": 19.17716985066732
    },
    "38": {
        "train_loss": 0.06728917476676759,
        "train_psnr": 20.707178969610304,
        "val_loss": 0.08890801837046941,
        "val_psnr": 18.78227096557617
    },
    "39": {
        "train_loss": 0.06700396612996147,
        "train_psnr": 20.733462844122023,
        "val_loss": 0.08193782577912012,
        "val_psnr": 19.368871510823567
    },
    "40": {
        "train_loss": 0.06669781139918736,
        "train_psnr": 20.757034657796225,
        "val_loss": 0.07963121632734935,
        "val_psnr": 19.65988235473633
    },
    "41": {
        "train_loss": 0.06568146096808569,
        "train_psnr": 20.874459860665457,
        "val_loss": 0.07763360664248467,
        "val_psnr": 19.73369867960612
    },
    "42": {
        "train_loss": 0.06563789147706259,
        "train_psnr": 20.88349356515067,
        "val_loss": 0.07761136069893837,
        "val_psnr": 19.759078877766928
    },
    "43": {
        "train_loss": 0.06502408699620338,
        "train_psnr": 20.94705111549014,
        "val_loss": 0.07840818832317988,
        "val_psnr": 19.76280347188314
    },
    "44": {
        "train_loss": 0.06577443192402521,
        "train_psnr": 20.875277448381695,
        "val_loss": 0.08723015020291011,